{
  "sft": {
    "n": 1932,
    "category_distribution": {
      "商品咨询": 279,
      "优惠活动": 278,
      "账户订单": 258,
      "退换货": 276,
      "投诉建议": 299,
      "物流查询": 294,
      "支付问题": 248
    },
    "user_chars": {
      "count": 1932,
      "min": 6.0,
      "max": 58.0,
      "mean": 26.875776397515526,
      "p50": 25.0,
      "p90": 43.0
    },
    "assistant_chars": {
      "count": 1932,
      "min": 66.0,
      "max": 188.0,
      "mean": 130.85093167701862,
      "p50": 138.0,
      "p90": 166.0
    },
    "total_chars": {
      "count": 1932,
      "min": 187.0,
      "max": 350.0,
      "mean": 271.72670807453414,
      "p50": 275.0,
      "p90": 320.0
    },
    "histograms": {
      "user_chars": {
        "0-19": 457,
        "20-39": 1176,
        "40-59": 299
      },
      "assistant_chars": {
        "50-99": 379,
        "100-149": 905,
        "150-199": 648
      },
      "total_chars": {
        "150-199": 12,
        "200-249": 611,
        "250-299": 857,
        "300-349": 450,
        "350-399": 2
      }
    }
  },
  "preference": {
    "n": 800,
    "category_distribution": {
      "物流查询": 113,
      "支付问题": 113,
      "账户订单": 122,
      "商品咨询": 109,
      "投诉建议": 110,
      "优惠活动": 120,
      "退换货": 113
    },
    "reject_type_distribution": {
      "off_topic": 166,
      "wrong_policy": 154,
      "incomplete": 169,
      "hallucinated_tracking": 163,
      "rude": 148
    },
    "prompt_chars": {
      "count": 800,
      "min": 9.0,
      "max": 66.0,
      "mean": 29.66125,
      "p50": 28.0,
      "p90": 45.0
    },
    "chosen_chars": {
      "count": 800,
      "min": 91.0,
      "max": 139.0,
      "mean": 109.37375,
      "p50": 104.0,
      "p90": 125.0
    },
    "rejected_chars": {
      "count": 800,
      "min": 2.0,
      "max": 85.0,
      "mean": 34.45625,
      "p50": 26.0,
      "p90": 85.0
    },
    "histograms": {
      "prompt_chars": {
        "0-19": 131,
        "20-39": 514,
        "40-59": 153,
        "60-79": 2
      },
      "chosen_chars": {
        "50-99": 162,
        "100-149": 638
      },
      "rejected_chars": {
        "0-49": 637,
        "50-99": 163
      }
    }
  },
  "figures": []
}